Пупкин,Иван,12345,хз
Конев,Юрий,54321,опять хз
Романов,Юрий,394857,оваррвад
Пупкин,Владимир,34987,доыварп
Конев,Юрий,54321,опять хз

Романов,Юрий,394857,оваррвад

Конев,Юрий,54321,опять хз
Романов,Юрий,394857,оваррвад
Добавить контакт,Добавить контакт,Добавить контакт,Добавить контакт
Добавить контакт,Добавить контакт,Добавить контакт,Добавить контакт
Добавить контакт,Добавить контакт,Добавить контакт,Добавить контакт
Добавить контакт,Добавить контакт,Добавить контакт,Добавить контакт
Добавить контакт,Добавить контакт,Добавить контакт,Добавить контакт
Добавить контакт,Добавить контакт,Добавить контакт,Добавить контакт
Добавить контакт,Добавить контакт,Добавить контакт,Добавить контакт
Добавить контакт,Добавить контакт,Добавить контакт,Добавить контакт
Пупкин,,Иван,,2346367,,хз
Рюхов,Иван,457568,длвап
Лохов,Саня,56723457,длорвапдл
Конев,Юрий,54321,опять хз
Романов,Юрий,394857,оваррвад
Конев,Юрий,54321,опять хз
Романов,Юрий,394857,оваррвад
Конев,Юрий,54321,опять хз
Романов,Юрий,394857,оваррвад
Конев,Юрий,54321,опять хз
Романов,Юрий,394857,оваррвад
Пупкин,Иван,12345,хз
Пупкин,Владимир,34987,доыварп
